wavelength,p10,p90
601,1.42995232098996,1.76700071203395
603,1.32657,1.78049
605,1.33489,1.79042
607,1.34391,1.80116974124542
609,1.35374,1.81297
611,1.3630143233829,1.82511656608238
613,1.37093,1.83708
615,1.37718,1.84868798942543
617,1.3827,1.85988
619,1.3881,1.87171070167116
620,1.39239,1.88039911284836
622,1.39521,1.88996
624,1.39735,1.89860725065327
626,1.39842,1.90607485544889
628,1.3984,1.91197845074838
630,1.39755,1.91668
632,1.39615,1.91994
634,1.39422,1.92279
636,1.39205,1.92549839
638,1.38998,1.92794
640,1.3874,1.93025895016257
642,1.38438,1.93263
644,1.38119,1.93549
646,1.37751,1.93845359808605
647,1.37425,1.94084604624222
649,1.37113,1.94444
651,1.36935,1.94849229994624
653,1.3683,1.95212
655,1.36768,1.95479187177425
657,1.36692,1.95681845883962
659,1.36628,1.95803
661,1.36535,1.95833607487829
663,1.36402,1.95777137146201
665,1.3622,1.95613
667,1.36066,1.95326400824491
669,1.36058,1.95158
671,1.35985,1.95184
673,1.35946,1.95186
674,1.35991,1.95157
676,1.36128,1.95129628146226
678,1.36379,1.95157
680,1.36797,1.95235
682,1.37335,1.95359
684,1.38009,1.95571774263936
686,1.38793991204186,1.95884915905726
688,1.3981,1.96298
690,1.4104,1.96864
692,1.42702,1.97714
694,1.45094,1.99109422085168
696,1.48085,2.01071
698,1.50311,2.02966
700,1.50304,2.03981
701,1.4842928073467,2.04068040250794
703,1.45706,2.03674
705,1.43076438290722,2.0305
707,1.40618,2.02232
709,1.38444,2.01272
711,1.36592,2.00171
713,1.34949567171374,1.98997
715,1.33577,1.97844
717,1.32396,1.96631818384282
719,1.31320587551518,1.95437
721,1.30424,1.94374351149391
723,1.29724,1.9345571901694
725,1.29143806637474,1.92644
727,1.28698,1.91938458370787
728,1.28372,1.91386
730,1.28065,1.90845
732,1.27884,1.90403
734,1.27779,1.9003
736,1.27722,1.89728
738,1.27675024633818,1.89511
740,1.27636,1.89367
742,1.27596,1.89255
744,1.27565,1.89196
746,1.27506,1.89197
748,1.27393,1.89193
750,1.27299,1.89152
752,1.27173,1.89039
754,1.27038,1.88818
755,1.26885,1.88556
757,1.26734,1.88141
759,1.26622,1.87635
761,1.26548,1.87080547526849
763,1.26486,1.86468096108178
765,1.26395179305303,1.85825
767,1.26212947236561,1.85134
769,1.2574,1.84425559037902
771,1.24928,1.83652
773,1.23648,1.82779
775,1.22074,1.81944786367196
777,1.20571,1.81296
779,1.19777,1.81042
781,1.20065,1.81241
782,1.21423,1.81754
784,1.23880955882142,1.82593
786,1.2687,1.83526
788,1.29605,1.8428
790,1.30972,1.8459
792,1.30512572034605,1.8434203248375
794,1.28791,1.83741852451171
796,1.26915,1.83192
798,1.2585,1.82927202229488
800,1.26065,1.83080890715511
802,1.27704,1.83613
804,1.3111,1.84641
806,1.3647,1.8631
808,1.42912,1.88465
809,1.47719271387952,1.90589581955302
811,1.49159771233441,1.92622
813,1.48593,1.93058
815,1.47194734193962,1.91598
817,1.45430759466872,1.89311
819,1.43505,1.87086
821,1.41473,1.85022
823,1.39239,1.83186
825,1.36971,1.81542
827,1.34797279748894,1.80034
829,1.32723,1.78637
831,1.30787,1.77314
833,1.29005,1.76049
835,1.27364,1.74826
836,1.259076,1.73731
838,1.24452,1.72562
840,1.23143,1.71444
842,1.21924,1.70415492830168
844,1.20824,1.6945
846,1.19849,1.6852723280208
848,1.18927000990701,1.67704
850,1.18091,1.66931
852,1.17332,1.66245
854,1.16675243738609,1.65664
856,1.1615,1.65175
858,1.1572,1.64758025384122
860,1.15417,1.64442
862,1.15208,1.64187
863,1.15119,1.64016366962698
865,1.15093,1.63908
867,1.15126,1.63888
869,1.1521,1.63928
871,1.15268,1.64065
873,1.15333,1.64311
875,1.15351,1.64495
877,1.15286,1.64550728826148
879,1.15173,1.64425
881,1.15021,1.64177
883,1.14898,1.63878
885,1.14821,1.63596
887,1.14868,1.63376
889,1.15081590955512,1.63232509032671
890,1.15382,1.63212981328567
892,1.15746,1.63267
894,1.16198,1.63416
896,1.16701023231534,1.63667
898,1.17232,1.64018
900,1.17807,1.64449
902,1.18417,1.64987
904,1.19094,1.65629
906,1.19739,1.66399
908,1.2037,1.6729038127767
910,1.20932369542504,1.68362
912,1.21343,1.69548
914,1.2155,1.70829
916,1.21513,1.72124
917,1.21295,1.73107807957593
919,1.20935,1.74051
921,1.20489,1.74731
923,1.20018,1.75127
925,1.19549402786057,1.7527
927,1.19152,1.75225
929,1.1879,1.7506
931,1.18487670834339,1.74842
933,1.1824,1.74605
935,1.18011175047582,1.74372
937,1.17777,1.74174
939,1.17554,1.73952
941,1.17296,1.73681
943,1.16965,1.73252
944,1.16633,1.72723
946,1.1627,1.71959
948,1.1591,1.70987
950,1.15576,1.69877
952,1.15301,1.68746658740293
954,1.15061,1.67604
956,1.14863,1.66498
958,1.14635,1.65417
960,1.14465,1.64361
962,1.14306,1.63411
964,1.14187987495211,1.62527
966,1.14061,1.61721
968,1.1396,1.61
970,1.13821435360743,1.60306
971,1.13739,1.59773
973,1.13628,1.59203
975,1.13503,1.58693
977,1.13351,1.58282
979,1.13224,1.57948
981,1.1307,1.57642
983,1.12905,1.57415
985,1.12688754211946,1.57164
987,1.12416,1.56942
989,1.12126,1.56708
991,1.11776,1.56465
993,1.11333449164695,1.56144833683778
995,1.1084,1.55808519229202
997,1.10287,1.55435
998,1.09714,1.55103
1000,1.09089,1.54767118100423
1002,1.08448689808739,1.54476
1004,1.07836,1.54268
1006,1.07326,1.54228
1008,1.06970665798648,1.54383
1010,1.06737339517575,1.54751
1012,1.06593,1.55291
1014,1.06515,1.55819705445497
1016,1.06396,1.5624
1018,1.0623,1.56378632948493
1020,1.05919,1.56164
1022,1.0544,1.55543
1024,1.04782,1.54611
1025,1.0392,1.53543
1027,1.02860789189163,1.52255
1029,1.01707,1.50997
1031,1.00584,1.49887628457873
1033,0.99524,1.48915
1035,0.985676,1.48131
1037,0.976527219491281,1.47482
1039,0.968226,1.46922
1041,0.960514,1.46473
1043,0.952611563888676,1.46048
1045,0.944481,1.45734
1047,0.936472,1.45468
1049,0.928333,1.45274
1051,0.92036,1.45144
1052,0.912211,1.45091
1054,0.90353,1.45126
1056,0.894406,1.45226
1058,0.883147,1.454
1060,0.870194,1.45618
1062,0.854754707564206,1.45878
1064,0.83772,1.4622
1066,0.819981,1.46658
1068,0.804317,1.47202
1070,0.791097,1.47916
1072,0.781521,1.48735
1074,0.775167,1.49673
1076,0.772102,1.50721
1078,0.771844,1.51838
1079,0.77329404880263,1.52852
1081,0.775276,1.53999
1083,0.778101,1.55143
1085,0.781473,1.56312
1087,0.785527,1.57405
1089,0.790008,1.58398
1091,0.794514,1.59366
1093,0.799776,1.60357
1095,0.80486167074776,1.61267
1097,0.810096,1.6218
1099,0.815351,1.63142
1101,0.820906,1.64141
1103,0.826157,1.6518
1105,0.831449,1.66248992338626
1106,0.836639992044737,1.67147
1108,0.841992,1.68123
1110,0.846883,1.68801
1112,0.849867,1.69014
1114,0.849888,1.68785393723508
1116,0.846232,1.68220775519319
1118,0.839502,1.67391
1120,0.830459,1.66612
1122,0.820494,1.65886
1124,0.810511,1.65374
1126,0.802411,1.65081
1128,0.796107,1.64986
1130,0.791339,1.65058
1132,0.788167,1.65234
1133,0.78615,1.65395
1135,0.78527,1.65622
1137,0.785532,1.65873
1139,0.786138,1.66115
1141,0.78714,1.66359
1143,0.789326,1.6666
1145,0.792591,1.66939168016028
1147,0.797684,1.6728285503748
1149,0.805509,1.67695
1151,0.817885,1.68207073236485
1153,0.837122,1.68860475351468
1155,0.863152,1.6961
1157,0.888788,1.7031555
1159,0.897775,1.70542021561033
1160,0.88313,1.70161
1162,0.852349,1.69403
1164,0.821286,1.68726628908963
1166,0.798391,1.68231
1168,0.782961,1.67911
1170,0.773314,1.67625
1172,0.767206,1.67361
1174,0.763266,1.67038
1176,0.760825,1.6668
1178,0.759272297260434,1.66242
1180,0.758564,1.65785
1182,0.757855,1.65304
1184,0.757109,1.64738
1186,0.756348,1.64228
1187,0.755500123129434,1.63754
1189,0.754453072872147,1.63302
1191,0.753452,1.62877
1193,0.752084,1.62536
1195,0.750208,1.62279
1197,0.747966,1.6202
1199,0.745212,1.61836
1201,0.741984,1.61716
1203,0.738029,1.61557579219371
1205,0.733924,1.61373
1207,0.729477,1.61225
1209,0.72496,1.61093
1211,0.720672123813915,1.6099
1213,0.717121,1.60987
1214,0.71508,1.61042
1216,0.714494,1.61196
1218,0.715933039130172,1.61396
1220,0.720164,1.61696
1222,0.727947746833672,1.62041
1224,0.740048,1.62437
1226,0.756975,1.62917731045331
1228,0.778721,1.63464
1230,0.803820348100742,1.64012
1232,0.830787,1.64592
1234,0.858594333468733,1.65099
1236,0.886719,1.65562
1238,0.915049,1.65977
1240,0.942959,1.66398
1241,0.968074,1.6675
1243,0.993928451106511,1.67076
1245,1.01887120595397,1.67373
1247,1.04246,1.67641
1249,1.06523895344619,1.67833
1251,1.08813,1.68052
1253,1.11155,1.68305
1255,1.13602,1.68577350202281
1257,1.16149095041925,1.6887
1259,1.18745,1.69202
1261,1.21372,1.6955
1263,1.2391,1.69931
1265,1.26295,1.7034
1267,1.2855730191869,1.70687
1268,1.30436,1.71016
1270,1.32319297690062,1.71318
1272,1.34029,1.71635
1274,1.35501,1.719
1276,1.36692,1.72204
1278,1.37643441145184,1.72429
1280,1.38305,1.72596
1282,1.38754504482267,1.7272
1284,1.39044,1.72795
1286,1.39216,1.72843
1288,1.39408,1.72924
1290,1.39606,1.73074
1292,1.39812,1.73329
1294,1.40033535742617,1.73636
1295,1.40217,1.73986
1297,1.40366,1.74383
1299,1.40462,1.7484
1301,1.40551,1.75352
1303,1.40668,1.75919
1305,1.40788,1.76556
1307,1.40914,1.77287
1309,1.41029,1.78024
1311,1.41118,1.78729
1313,1.4116,1.79397
1315,1.41152,1.79915
1317,1.41071707652094,1.80362
1319,1.40972987794378,1.80718
1321,1.40877,1.81016
1322,1.40794,1.81212
1324,1.40676652702743,1.81412
1326,1.40585,1.8165
1328,1.40507,1.81938
1330,1.40455,1.82225
1332,1.40408,1.8252
1334,1.40357,1.82780981304976
1336,1.40276,1.82963
1338,1.40168,1.83101
1340,1.40091,1.83240847299911
1342,1.40001,1.83278
1344,1.39903,1.83243
1346,1.39793,1.83202
1348,1.39685,1.83158
1349,1.39619385258148,1.83133
1351,1.39543,1.83139
1353,1.3949,1.8314
1355,1.39452243095599,1.83158
1357,1.39404,1.83171
1359,1.3934,1.83138
1361,1.3929695421422,1.83142
1363,1.39318,1.83182455090113
1365,1.39326,1.83165
1367,1.392884,1.83087
1369,1.39289,1.82966
1371,1.39257059268104,1.82822
1373,1.39207444720143,1.82576
1375,1.39196,1.82313
1376,1.39200236779208,1.82032
1378,1.39154708084265,1.81657
1380,1.39061579085121,1.81228
1382,1.38964194687563,1.80769
1384,1.38858,1.80302
1386,1.38774685785084,1.7989650247501
1388,1.38756,1.79554
1390,1.38683962043903,1.79201
1392,1.38611879459952,1.78832463523646
1394,1.38515577844508,1.78473
1396,1.38436,1.7812
1398,1.38347723759317,1.77714982339403
1400,1.38217453443507,1.77255
1402,1.38003,1.76759
1403,1.37763,1.7627
1405,1.37495,1.75834
1407,1.37284886360433,1.75467
1409,1.37119,1.75139
1411,1.37006,1.74874
1413,1.36898034935291,1.746
1415,1.36739436594483,1.74271
1417,1.3657,1.73924
1419,1.36436,1.73588
1421,1.3627,1.73177
1423,1.36043977197385,1.72731
1425,1.35774,1.72249
1427,1.35468518938387,1.71751
1429,1.35128639215548,1.71254
1430,1.34836219260715,1.70713
1432,1.34457,1.70165
1434,1.34042,1.6959
1436,1.33663465598849,1.69035
1438,1.3329,1.68535
1440,1.32896,1.68039
1442,1.32464,1.67535
1444,1.32015,1.67051
1446,1.3157311846754,1.66636
1448,1.31154,1.66312
1450,1.30778,1.66023
1452,1.30376,1.65698
1454,1.29916779573927,1.65339
1456,1.29434,1.65008
1457,1.29148,1.64841
1459,1.28777,1.64627
1461,1.28381,1.64283
1463,1.27973028101142,1.63906
1465,1.27576,1.63541
1467,1.2717,1.63090024591532
1469,1.26696,1.62486
1471,1.26143267863489,1.61782
1473,1.25667634199594,1.61176
1475,1.25262,1.60712
1477,1.24918732549253,1.60337
1479,1.24572295229777,1.59955
1481,1.24242,1.59645
1483,1.23920890363332,1.59339
1484,1.23662,1.59017
1486,1.23348313202384,1.58704
1488,1.23127074719503,1.58514
1490,1.23003,1.58382
1492,1.2283285,1.5814
1494,1.22603,1.57763
1496,1.22394,1.57354967205957
1498,1.22271,1.57036
1500,1.22175630808899,1.56762
1502,1.22026,1.56459
1504,1.21809,1.56128
1506,1.21717,1.56104
1508,1.22004632665548,1.56491
1510,1.222098,1.56792
1511,1.22273,1.56908
1513,1.22308572907697,1.56974
1515,1.2233,1.57057
1517,1.22389,1.5715
1519,1.22436,1.57195
1521,1.22537,1.57356
1523,1.22698,1.57503
1525,1.22795,1.57564
1527,1.22848,1.5756
1529,1.22802,1.57398
1531,1.2261790586438,1.57092
1533,1.22395,1.56742
1535,1.22144,1.56379
1537,1.21819,1.55963
1538,1.21519,1.55635
1540,1.2123774493102,1.55701
1542,1.21093,1.55944884967183
1544,1.20991,1.56153
1546,1.20824,1.56302
1548,1.20619,1.56444
1550,1.20443011973754,1.56619
1552,1.20312,1.56813
1554,1.20202,1.56946
1556,1.20083,1.57017
1558,1.20247,1.57428
1560,1.20934,1.58317828985627
1562,1.2136695274333,1.58764
1564,1.217,1.5901
1565,1.22044912957276,1.59332
1567,1.22551,1.59722
1569,1.23248,1.60327
1571,1.23883,1.60863
1573,1.24309326596099,1.61181
1575,1.24901,1.61719
1577,1.25754,1.62529909373855
1579,1.26491952139603,1.63148
1581,1.27133,1.63656
1583,1.27817,1.64258
1585,1.2854,1.64876
1587,1.29236999331132,1.65482
1589,1.29914,1.66081
1591,1.30608113279085,1.6668
1592,1.31184,1.67272
1594,1.31921571318022,1.67908
1596,1.32656,1.68535
1598,1.33359,1.69115
1600,1.34066221103536,1.69698
1602,1.34813,1.70279
1604,1.35555,1.70839
1606,1.36277,1.71375
1608,1.37048084555067,1.71934
1610,1.37801,1.7249
1612,1.38439410509516,1.72993
1614,1.38935,1.73368
1616,1.39558,1.73944384610303
1618,1.40191958141253,1.74679
1619,1.40385,1.75133
1621,1.403849435568,1.75546
1623,1.40291547048302,1.76123
1625,1.40044,1.7668
1627,1.39694349520285,1.77184
1629,1.39283,1.77644
1631,1.38825,1.77908
1633,1.38294,1.7801
1635,1.37769,1.78223897372151
1637,1.37262,1.78517959509878
1639,1.36753,1.7857
1641,1.36188,1.78453
1643,1.35568,1.78194
1645,1.34914319848429,1.77891801190149
1646,1.34456,1.77679
1648,1.34004,1.7741
1650,1.3354,1.76976
1652,1.3304,1.76543577574458
1654,1.3269932895834,1.76274
1656,1.32245,1.75852
1658,1.31704889608572,1.75215
1660,1.31131111757247,1.74514
1662,1.30618,1.73788
1664,1.30181,1.7302
1666,1.29743722237843,1.72223
1668,1.29306988276274,1.71348
1670,1.29003749756608,1.70468
1671,1.28835,1.69672
1673,1.28522,1.68805
1675,1.28236859790989,1.67878
1677,1.27861,1.66927
1679,1.27354,1.65896
1681,1.26757961753139,1.64779
1683,1.25981,1.63547
1685,1.2503605563888,1.62286
1687,1.24058,1.6108
1689,1.22933,1.59795
1691,1.21667,1.58432
1693,1.20393791758591,1.57037579110825
1695,1.18932690813047,1.55531
1697,1.17377,1.53984
1698,1.16189,1.52629
1700,1.14769,1.51254
1702,1.13489,1.50016
1704,1.12381,1.48885
1706,1.11196,1.4772
1708,1.10088689430877,1.46643
1710,1.09023,1.45587
1712,1.07946,1.44533
1714,1.06887111127031,1.43453
1716,1.05807,1.42414
1718,1.04795,1.41477
1720,1.03963,1.40579
1722,1.03145,1.39649
1724,1.02295,1.38688
1725,1.01605,1.37755
1727,1.00772,1.36782
1729,0.999444,1.35795
1731,0.991693,1.34803644000081
1733,0.983895,1.33853
1735,0.976698,1.32974
1737,0.970356845497331,1.32125
1739,0.963755,1.31251
1741,0.957101974504627,1.30359
1743,0.950879728776759,1.29433
1745,0.944721,1.28478
1747,0.939031777644403,1.275
1749,0.933914,1.26535
1751,0.930084494816967,1.25654
1752,0.927757,1.24846
1754,0.92497,1.24043
1756,0.923069163820336,1.23313
1758,0.92214,1.22686
1760,0.922306,1.22206
1762,0.923924722643955,1.2184
1764,0.925752,1.21558
1766,0.927368,1.21334
1768,0.929106231115272,1.21241
1770,0.930598,1.21285
1772,0.931726381820416,1.21549
1774,0.931915,1.21902
1776,0.930739,1.22034
1778,0.92864,1.22068
1779,0.9267,1.221
1781,0.924573,1.22099
1783,0.922325212325468,1.22111
1785,0.920078,1.22124
1787,0.917731343192867,1.2214
1789,0.915034,1.22128
1791,0.912660625044511,1.22181
1793,0.910578963446394,1.22229
1795,0.907994,1.22067
1797,0.905031209853009,1.21756
1799,0.901867997610602,1.21331
1801,0.898759449,1.20835
1803,0.895686,1.20247
1805,0.891943,1.19627
1806,0.889107,1.19053
1808,0.885327,1.18511
1810,0.881589,1.18048
1812,0.878052384109149,1.17614
1814,0.874505,1.17176
1816,0.870946652589044,1.16748
1818,0.867435895694076,1.1637
1820,0.863778503245038,1.15948
1822,0.860008379197157,1.15511
1824,0.856239,1.1506
1826,0.852311,1.14593
1828,0.848467,1.14136
1830,0.84529,1.13746
1832,0.842537,1.13399
1833,0.840558682580961,1.13105
1835,0.838602507599843,1.12902
1837,0.837398,1.12834
1839,0.836401,1.12868
1841,0.835765555930497,1.12975
1843,0.83613,1.1335
1845,0.837616414958541,1.13999
1847,0.839033158157548,1.14658
1849,0.840302,1.15448
1851,0.841653,1.1644
1853,0.842944737596665,1.17552
1855,0.844254439353026,1.18795
1857,0.845342,1.20088
1859,0.846136,1.21384
1860,0.846391,1.22576
1862,0.84619877946762,1.23576
1864,0.845303756200627,1.24311
1866,0.844062,1.24851
1868,0.843043386866407,1.25251
1870,0.842053,1.25414
1872,0.840243100293039,1.25297
1874,0.838179,1.25025
1876,0.836014,1.24691
1878,0.833813816453512,1.24324
1880,0.831671,1.23923
1882,0.829508,1.23477
1884,0.827248582082497,1.22979
1886,0.82489,1.22404
1887,0.822959103523873,1.21792870346233
1889,0.820503021267921,1.2106
1891,0.817962178356448,1.20232
1893,0.815171907148281,1.19284
1895,0.812264164082233,1.18256
1897,0.809081039008059,1.17204
1899,0.805737291329347,1.16168
1901,0.802539,1.1511
1903,0.798859,1.14024
1905,0.794820037276884,1.12966
1907,0.790727,1.1185
1909,0.786296,1.10774
1911,0.781927,1.09765
1913,0.777433,1.0888
1914,0.773947870111541,1.08074
1916,0.76973,1.07371
1918,0.766243,1.06831
1920,0.763141,1.06421
1922,0.760623,1.06142
1924,0.758711367817789,1.05974
1926,0.757103344435936,1.05865
1928,0.755695701850404,1.05796
1930,0.754512,1.05753
1932,0.75334,1.05719
1934,0.752200212950794,1.05681
1936,0.751062,1.05643
1938,0.749803,1.05574
1940,0.748430583108973,1.05498
1941,0.747621511020546,1.05449
1943,0.746615875646235,1.0543
1945,0.745448,1.05369
1947,0.744079615917813,1.05271
1949,0.742568317775826,1.05139
1951,0.740866,1.04978
1953,0.739133886633748,1.04799
1955,0.737514,1.0465
1957,0.736137,1.04528
1959,0.73505,1.04482
1961,0.734165,1.04512
1963,0.733472,1.04569955298221
1965,0.73294,1.04685
1967,0.732673533018945,1.04829
1968,0.732555475335285,1.04972
1970,0.73205,1.0506
1972,0.731180688545078,1.05074
1974,0.730266,1.05039
1976,0.729119678262012,1.04951
1978,0.728048448081563,1.04864079435976
1980,0.726842,1.04762
1982,0.725635,1.04657
1984,0.724413829828874,1.04557
1986,0.723279,1.04469
1988,0.722206551610918,1.04398
1990,0.72121,1.04343
1992,0.720309,1.0431
1994,0.719366,1.04244
1995,0.718515934862521,1.04112
1997,0.71704615748771,1.03926
1999,0.715456,1.037
2001,0.713643,1.0343
2003,0.711562611341671,1.0311
2005,0.709242,1.02681
2007,0.70651417023872,1.0216
2009,0.703274,1.01538
2011,0.699829764328007,1.00873
2013,0.695979,1.00148
2015,0.692127053746766,0.994458
2017,0.688574,0.98825
2019,0.68563,0.983134
2021,0.683087004582043,0.978894
2022,0.68137188857269,0.9754
2024,0.679175,0.972389
2026,0.676914,0.969271
2028,0.674379,0.965852
2030,0.671181337797375,0.961675
2032,0.667051268720467,0.95666
2034,0.661867069315855,0.95131
2036,0.654985,0.945262
2038,0.646706983873873,0.939113
2040,0.637497,0.933158
2042,0.627271325528125,0.927812
2044,0.617427,0.923405
2046,0.607804,0.919406
2048,0.599212,0.915895
2049,0.592652,0.91292
2051,0.585631,0.910343
2053,0.579194,0.90798
2055,0.573575,0.905823
2057,0.568416,0.903829
2059,0.563805,0.902034
2061,0.559742030900474,0.90037
2063,0.555942273769765,0.898733
2065,0.55239194016379,0.897346
2067,0.549134265681642,0.896003
2069,0.546053,0.894574
2071,0.54311659779694,0.893282
2073,0.540478,0.892123778106698
2075,0.538101189651746,0.891
2076,0.536192,0.889933
2078,0.534014280365582,0.888893
2080,0.531726623190551,0.887856
2082,0.529724,0.886895
2084,0.527733,0.885928
2086,0.525779631289698,0.88499
2088,0.523866,0.884132
2090,0.522087,0.883368
2092,0.520241,0.882597
2094,0.518551467843529,0.881826
2096,0.516875,0.881101
2098,0.5152501475075,0.88043
2100,0.513690912267843,0.879758
2102,0.512089,0.879001
2103,0.510842654772101,0.878302
2105,0.509342014937137,0.877666
2107,0.508141,0.877112
2109,0.507030103160576,0.876556
2111,0.506085511493377,0.87601
2113,0.505424,0.875462
2115,0.504982,0.874996
2117,0.504803,0.874568
2119,0.504859530258912,0.874156
2121,0.505316768734466,0.873827
2123,0.506141,0.873544
2125,0.507343797289631,0.873318
2127,0.509039112094169,0.873222
2129,0.511039,0.873122003124592
2130,0.512776409272545,0.872985415002069
2132,0.5142183246682,0.87267
2134,0.514717,0.872186
2136,0.513970829907208,0.871489
2138,0.512158465546572,0.870636
2140,0.509521,0.869535
2142,0.506348202374616,0.868373
2144,0.503096,0.867135
2146,0.499926,0.865951
2148,0.49687,0.86474
2150,0.493862137592624,0.863491
2152,0.49097,0.86226
2154,0.487968910987481,0.860964
2156,0.485065986072679,0.859756
2157,0.482830034047879,0.858406
2159,0.480203854859429,0.85719
2161,0.477729181876811,0.855855
2163,0.475558,0.854535
2165,0.47352,0.853178
2167,0.47164,0.85181
2169,0.469894,0.850577
2171,0.46833,0.849285
2173,0.466840887903643,0.848027
2175,0.465475,0.84673
2177,0.464205,0.845541
2179,0.463020528369939,0.84435
2181,0.46193806707699,0.843137
2183,0.460989,0.84199
2184,0.460216,0.840949
2186,0.459376,0.839897
2188,0.458693382226498,0.838893
2190,0.458091327871829,0.83789
2192,0.457723,0.836952
2194,0.457595716206824,0.836109
2196,0.457640521938651,0.835336
2198,0.457937,0.834592
2200,0.458741,0.83404
2202,0.459763916583369,0.833477
2204,0.460856,0.832953
2206,0.462148,0.832502
2208,0.463681,0.83218
2210,0.465443,0.831892
2211,0.467131,0.831614
2213,0.469506046262667,0.831506
2215,0.472054299865542,0.831445
2217,0.474906513601727,0.831371
2219,0.477253,0.831203
2221,0.479299218130506,0.831092
2223,0.480946,0.830838
2225,0.482058906513983,0.830424
2227,0.482687394989251,0.829983
2229,0.482967,0.82947
2231,0.483278,0.828903
2233,0.483412267170805,0.828369
2235,0.483447,0.827718
2237,0.483118028112008,0.826974
2238,0.482482,0.826199
2240,0.481025,0.825245
2242,0.479041882547905,0.824224
2244,0.476711397727007,0.823062
2246,0.4743105,0.821918
2248,0.472166310138465,0.820779
2250,0.470274,0.819773
2252,0.468641,0.818865
2254,0.467023,0.817946
2256,0.465288,0.817033
2258,0.463530366744988,0.816067
2260,0.461616671328922,0.815153
2262,0.459711235645359,0.814196
2264,0.457815,0.813281
2265,0.456153,0.812383
2267,0.454125,0.811452
2269,0.452111852441968,0.810599
2271,0.449993,0.809781
2273,0.44776,0.808982
2275,0.445505694193567,0.807976
2277,0.443172604019303,0.807168
2279,0.440798,0.806358
2281,0.43848,0.805483
2283,0.4362,0.804529
2285,0.433925540576271,0.803704
2287,0.431691,0.802823
2289,0.429438,0.802073
2291,0.427306000139487,0.80125
2292,0.42566750496255,0.800466
2294,0.423676,0.799663
2296,0.421751,0.798968
2298,0.420045,0.798287
2300,0.41838547634374,0.797542
2302,0.416846,0.796839
2304,0.415349,0.796021
2306,0.413786124202149,0.795156
2308,0.412383858212331,0.794276
2310,0.411068,0.793595
2312,0.409951013273125,0.793068
2314,0.409023,0.79247
2316,0.407845,0.791568
2318,0.406509,0.790439
2319,0.405518,0.78959
2321,0.404224232455236,0.789007
2323,0.403212,0.788632
2325,0.402212183209848,0.788033
2327,0.400963,0.787293
2329,0.399631866368555,0.786898
2331,0.398818704872959,0.787046
2333,0.398726,0.787549
2335,0.399048660233074,0.788504
2337,0.399291,0.789728
2339,0.398561,0.79015
2341,0.396846981232364,0.789209
2343,0.395669722045268,0.788776
2345,0.397151,0.789705
2346,0.398067350970378,0.78974
2348,0.397537470802618,0.787408
2350,0.394437,0.783835
2352,0.388014471657869,0.780429
2354,0.381214,0.777653
2356,0.374556,0.775698
2358,0.369579,0.774598
2360,0.367535088028682,0.774535
2362,0.368672,0.775279
2364,0.371924,0.776667
2366,0.376357,0.778468
2368,0.380651,0.780321
2370,0.384607531,0.782298
2372,0.388149615544714,0.784119
2373,0.39019,0.785663
2375,0.392262,0.786928
2377,0.393887,0.787998
2379,0.394873436293534,0.788742
2381,0.39647,0.789198
2383,0.396618,0.789404
2385,0.396449,0.7896
2387,0.396062,0.789594
2389,0.395479371304547,0.789512
2391,0.394864,0.789463
2393,0.394184730270483,0.789461636660375
2395,0.393545230125278,0.789471
2397,0.392932878349351,0.789551
2399,0.392323482842059,0.789616
2400,0.391932,0.789697
2402,0.391419,0.789725
2404,0.39088,0.789843
2406,0.390384,0.789987
2408,0.389910582071435,0.790174
2410,0.38940204082197,0.790425
2412,0.388958,0.790589
2414,0.388499780058067,0.790745
2416,0.388038529434823,0.790953
2418,0.387586,0.791166
2420,0.387121,0.791358
2422,0.386638,0.791597
2424,0.386155,0.791812
2426,0.385649,0.791994
2427,0.385228,0.792271
2429,0.384771872983134,0.792565
2431,0.384322365899643,0.792957
2433,0.383884127408399,0.793337
2435,0.383457935983027,0.793631
2437,0.382980789749185,0.793935
2439,0.382565,0.794219
2441,0.382155661599855,0.794525
2443,0.381722021327491,0.794838
2445,0.381356,0.795246
2447,0.38094414586174,0.795534
2449,0.380693753658898,0.795964
2451,0.380473,0.796506
2453,0.38023,0.796894
2454,0.380102403481457,0.797307
2456,0.380006,0.797789
2458,0.379941,0.798354
2460,0.379961,0.798913
2462,0.379972124844347,0.799689
2464,0.379995368054231,0.80024
2466,0.380061,0.800797
2468,0.380123,0.801287
2470,0.380316,0.801816
2472,0.38061,0.8022
2474,0.380886966722841,0.802634
2476,0.381199,0.802957
2478,0.381533,0.803234
2480,0.381781250117733,0.803599
2481,0.3819779508379,0.803832
2483,0.382228,0.804233
2485,0.382564,0.804635
2487,0.382876375156925,0.805111
2489,0.383162,0.805844
2491,0.383444712620628,0.806602
2493,0.383696,0.807566
2495,0.383933,0.808506
2497,0.384169,0.809655
2499,0.384386289156923,0.810724
2501,0.384544291905432,0.811909
2503,0.384676,0.81312
2505,0.384815,0.814272
2507,0.384906,0.815252
2508,0.384904,0.816157
2510,0.384892,0.81696
2512,0.384868523398738,0.81758
2514,0.384778127,0.818133
2516,0.384745615831401,0.818549
2518,0.384659262580951,0.818921
2520,0.384532065379951,0.819052
2522,0.384273589304784,0.819038
2524,0.383973161662894,0.81888
2526,0.383671221079791,0.818723
2528,0.383343551506301,0.818252
2530,0.382975,0.817752
2532,0.382634,0.81732
2534,0.382348,0.817028
2535,0.382152,0.816878
2537,0.38184,0.816663
2539,0.381592,0.816643
2541,0.381442,0.816829
2543,0.381382,0.81711
2545,0.381256936820961,0.817353
2547,0.381194843751942,0.817657
2549,0.381204230990577,0.818013
2551,0.381297722629081,0.818398
2553,0.381413,0.818792
2555,0.381528,0.819217
2557,0.381728,0.819675
2559,0.381989,0.820174
2561,0.382234057157203,0.820698
2562,0.382483,0.821298
2564,0.382808665202465,0.821823
2566,0.383126980379206,0.8224
2568,0.383507,0.823091
2570,0.383911540471341,0.82375
2572,0.384382630391579,0.824437
2574,0.384874,0.825166
2576,0.38531682548873,0.825872
2578,0.38570294457742,0.826586
2580,0.386072280868301,0.827345
2582,0.386483,0.828157
2584,0.386873030350167,0.828949
2586,0.387316,0.829684
2588,0.387753,0.830512
2589,0.388091184756935,0.831314
2591,0.388512,0.832114
2593,0.38892,0.832911
2595,0.389259,0.833676
2597,0.389596,0.834493
2599,0.389930989513925,0.835291
2601,0.390278899903092,0.836132
2603,0.390581,0.836914
2605,0.39082728411333,0.837699
2607,0.391125,0.838486
2609,0.39138094285626,0.839303
2611,0.391606,0.840139
2613,0.391882981724634,0.841062
2615,0.392177706731795,0.842048
2616,0.392386,0.842963
2618,0.392535,0.843891
2620,0.39280918685464,0.844854
2622,0.393216447378673,0.8459
2624,0.393695173323682,0.847036
2626,0.394069,0.848125
2628,0.394343,0.849051
2630,0.394493127688887,0.850094
2632,0.394823348132266,0.851196
2634,0.39534657627414,0.852352
2636,0.395893000881379,0.853483
2638,0.396413161769902,0.854692
2640,0.396897,0.855761
2642,0.397365551920417,0.856798
2643,0.397767089879703,0.857892
2645,0.398440462631639,0.859019
2647,0.399131,0.860259
2649,0.399847959611627,0.861455
2651,0.400658,0.862709
2653,0.401460840888445,0.863999
2655,0.402266,0.865286
2657,0.403128452201456,0.866602
2659,0.403932,0.868
2661,0.404756832945204,0.869301
2663,0.405573,0.870592
2665,0.406413534343324,0.871997
2667,0.407311,0.873425
2669,0.408199,0.874961
2670,0.408938922430757,0.8766
2672,0.409959,0.878229
2674,0.410976,0.879772
2676,0.412035,0.881383
2678,0.413134971296291,0.883027
2680,0.41380016779087,0.884347
2682,0.414091,0.885375
2684,0.414430400991941,0.886505
2686,0.415003663125826,0.887924
2688,0.415736523830326,0.88942
2690,0.416520580157682,0.890965
2692,0.417322,0.892547
2694,0.418141820576143,0.894209
2696,0.419036984912661,0.89594
2697,0.419684,0.897675
2699,0.420513,0.899256
2701,0.421235857441652,0.900885
2703,0.421981,0.902488
2705,0.422835905750435,0.904134878276835
2707,0.423730639767225,0.905832
2709,0.424578,0.907507
2711,0.425276307520926,0.909017
2713,0.425941,0.910532
2715,0.426762108329077,0.912108
2717,0.427607383969646,0.913654
2719,0.428517,0.915347
2721,0.429614,0.917267
2723,0.430827,0.919208
2724,0.4318,0.921045
2726,0.432591,0.922463
2728,0.432958,0.923567
2730,0.433357912777087,0.924835
2732,0.434248,0.926424
2734,0.435391,0.928218
2736,0.436601,0.930056
2738,0.437582,0.93171
2740,0.438469,0.933255
2742,0.43946,0.934894
2744,0.440764,0.936879
2746,0.442354586401984,0.938967
2748,0.44381,0.941066
2750,0.444689335082389,0.942648
2751,0.445087524649331,0.944017
2753,0.445891,0.945576
2755,0.447054,0.94738
2757,0.448234541971308,0.949144
2759,0.449302,0.950926
2761,0.450444,0.952685
2763,0.451552,0.954541
2765,0.452788,0.95638
2767,0.454063,0.958363
2769,0.455447,0.960381
2771,0.457148030392899,0.962734
2773,0.459076,0.965137
2775,0.46049,0.967228
2777,0.461374,0.968738
2778,0.461959599263541,0.970311
2780,0.463118,0.972211
2782,0.464514,0.974237
2784,0.466023,0.976393
2786,0.467946,0.978984
2788,0.470160707148352,0.981713
2790,0.471725,0.983862
2792,0.472667495776513,0.985604
2794,0.473896,0.987573
2796,0.47562192674516,0.989916
2798,0.477184927318039,0.992103
2800,0.478102,0.993818
2802,0.478931,0.995577
2804,0.4803,0.997602
2805,0.48151198736036,0.999997
2807,0.483426,1.00264
2809,0.485264180844964,1.00512
2811,0.486608387019002,1.00707
2813,0.487697,1.00894
2815,0.489059,1.01112
2817,0.490723,1.01356
2819,0.492462216171726,1.016
2821,0.494205,1.0185
2823,0.495973,1.021
2825,0.497609,1.02338641725482
2827,0.499322829929647,1.02592
2829,0.501225127530199,1.02865
2831,0.503443,1.03169
2832,0.505397201,1.03488
2834,0.508073,1.03826
2836,0.510955,1.04194
2838,0.51351,1.04528
2840,0.514917,1.04801
2842,0.515962,1.05095
2844,0.517774911227908,1.05508
2846,0.52038188141717,1.06029
2848,0.523174459587176,1.06542
2850,0.525897,1.06939
2852,0.528478,1.07204
2854,0.530926,1.07375
2856,0.533183,1.07521
2858,0.535297685363057,1.077
2859,0.536595,1.07857
2861,0.537816,1.07979
2863,0.539017,1.08119
2865,0.540555,1.08319
2867,0.542292,1.08533
2869,0.544496,1.088
2871,0.547408,1.09139
2873,0.549675,1.09423
2875,0.550633,1.09583
2877,0.551048,1.09712
2879,0.552013,1.09904
2881,0.553278,1.10127
2883,0.554507,1.10349
2885,0.555755846724537,1.10575
2886,0.556945504520944,1.10806
2888,0.558307,1.1105
2890,0.559925,1.11297
2892,0.561878,1.1158
2894,0.564034,1.11897
2896,0.565791990527797,1.12145
2898,0.566903079406585,1.12353
2900,0.568278,1.12586
2902,0.570167,1.12868
2904,0.57208415561739,1.13152
2906,0.573967,1.13444
2908,0.57616,1.13798
2910,0.579063,1.1425
2912,0.582174786099412,1.14769
2913,0.58462,1.15258
2915,0.586766,1.15684
2917,0.588556,1.16003
2919,0.590394,1.16257
2921,0.59235,1.16488
2923,0.594781,1.16734591982754
2925,0.597678,1.16995
2927,0.600837,1.17291688274091
2929,0.603816029989398,1.17541
2931,0.605394022515923,1.17684
2933,0.606114919212588,1.17759
2935,0.607111,1.17863
2937,0.608574,1.17996
2939,0.610052,1.18157
2940,0.611762208621665,1.18341
2942,0.614213,1.18573
2944,0.616125,1.18749
2946,0.616958,1.18818
2948,0.617243,1.18848
2950,0.617979,1.18943
2952,0.619041326799076,1.19052
2954,0.619782,1.19134
2956,0.62044020008647,1.19208
2958,0.621754250004101,1.19335089757534
2960,0.623695,1.19491
2962,0.625426,1.19653
2964,0.626914959949906,1.19789
2966,0.628209,1.19922
2967,0.629474492300535,1.20063
2969,0.631229,1.20232
2971,0.633368,1.20441
2973,0.635663716462362,1.20635
2975,0.637702,1.20797
2977,0.639380143147939,1.20957
2979,0.641499,1.21139
2981,0.642609116732227,1.2125
2983,0.642955,1.21259
2985,0.643463,1.21294
2987,0.644716,1.21404
2989,0.646679791372267,1.21593
2991,0.648893,1.2185
2993,0.650478,1.2204301246811
2994,0.65126,1.22187
2996,0.652591,1.22345
2998,0.653744014841225,1.22491
3000,0.654646,1.22622
3002,0.656045368893582,1.22799
3004,0.657728,1.22994
3006,0.659574,1.23225
3008,0.662418,1.23529
3010,0.665898213830215,1.2391
3012,0.669448,1.24258
3014,0.671546,1.24506
3016,0.672977,1.2468
3018,0.674164,1.24834911931048
3020,0.675427,1.25008
3021,0.676721875465531,1.25211
3023,0.678813874203679,1.25465
3025,0.680811,1.25706
3027,0.682511604805751,1.25957
3029,0.685045,1.26259
3031,0.688156,1.26624
3033,0.690935319799142,1.26973
3035,0.69297,1.27226
3037,0.694471633432064,1.27459
3039,0.69729,1.27798
3041,0.700514,1.28192
3043,0.702974,1.28502
3045,0.704524,1.2873
3047,0.70593,1.28949
3048,0.707787,1.29238
3050,0.710307,1.29556
3052,0.712412,1.29829317567564
3054,0.714425,1.301
3056,0.716409,1.3037
3058,0.718126309543011,1.30637
3060,0.719972,1.30901
3062,0.722655,1.31229
3064,0.726004,1.3161
3066,0.729156,1.31991
3068,0.731376,1.3226
3070,0.732787032692693,1.3246
3072,0.734469446168153,1.32697
3074,0.737194,1.33027
3075,0.740317,1.33451
3077,0.744054,1.33879
3079,0.746769,1.34212
3081,0.748629,1.34469
3083,0.750449,1.34719
3085,0.75213,1.34951
3087,0.753855873750262,1.3519
3089,0.755891,1.35466
3091,0.75741,1.3568
3093,0.758454,1.35833
3095,0.760049,1.36067
3097,0.762889,1.36415
3099,0.765802756101647,1.36764
3101,0.767975,1.37045
3102,0.769188,1.37259
3104,0.771357582735861,1.37539
3106,0.774393,1.37907
3108,0.77726,1.38248
3110,0.779216,1.38494
3112,0.781563808467147,1.38794
3114,0.785094,1.39224
3116,0.788495,1.39643
3118,0.790948181984794,1.39951
3120,0.79225,1.40122
3122,0.792566360820888,1.40213
3124,0.793073,1.40339
3126,0.794875634659469,1.40574
3128,0.797517,1.40901
3129,0.799568,1.41181
3131,0.801208,1.4141
3133,0.803056,1.4166
3135,0.805956,1.42023
3137,0.809299,1.42429
3139,0.811772,1.4274
3141,0.812973,1.42908
3143,0.814061603033312,1.43073
3145,0.815856,1.43307
3147,0.81827803813697,1.43615
3149,0.821531,1.44
3151,0.825257,1.44414
3153,0.827633151068157,1.44697
3155,0.828395,1.44837
3156,0.828839,1.44962
3158,0.830257,1.45171
3160,0.832095,1.45427
3162,0.834187,1.45687
3164,0.836184,1.45951
3166,0.838242,1.4622
3168,0.8402,1.46488
3170,0.842135,1.46766065380516
3172,0.84434,1.47031
3174,0.84637,1.473
3176,0.8485,1.47569
3178,0.850645,1.47853
3180,0.852799955575741,1.48126
3182,0.854731,1.4839
3183,0.8564,1.48637
3185,0.858479,1.48905
3187,0.860749,1.49183
3189,0.86278,1.49453
3191,0.864524,1.49692
3193,0.866103,1.49923
3195,0.867742,1.50150207013386
3197,0.869592,1.50399
3199,0.871485142006933,1.50659
3201,0.87353,1.50926
3203,0.875463,1.51173
3205,0.877424,1.51411
3207,0.878968,1.51617992559389
3209,0.880374,1.5182
3210,0.881863086936999,1.52026
3212,0.883714,1.52266
3214,0.885450351131459,1.52498
3216,0.887038,1.52715
3218,0.888612,1.52924
3220,0.889754,1.531
3222,0.890851,1.53279
3224,0.891978045952262,1.53453
3226,0.893361,1.53645
3228,0.895026,1.5388
3230,0.897605,1.54192
3232,0.900555,1.5453
3234,0.901851,1.54722
3236,0.901479,1.54738
3237,0.9011,1.54771
3239,0.901721432292529,1.54895
3241,0.902877,1.55073
3243,0.904718,1.55319
3245,0.906939,1.55601793434526
3247,0.907899,1.55759
3249,0.907605,1.55791
3251,0.907767,1.55859
3253,0.909046,1.56049
3255,0.910594,1.56258
3257,0.911006,1.56347
3259,0.910895,1.56408
3261,0.911225,1.56512
3263,0.912064,1.56652
3264,0.913038,1.56808
3266,0.914923,1.57048
3268,0.917637,1.57377
3270,0.919698,1.57638
3272,0.920062,1.57726
3274,0.919535,1.5773
3276,0.919004,1.57726
3278,0.918700665323944,1.57755
3280,0.919058648230735,1.57845
3282,0.919687,1.57961
3284,0.920446744,1.58075763888403
3286,0.921244,1.58204
3288,0.92261,1.58382
3290,0.924869,1.58655014595933
3291,0.926824,1.58905
3293,0.927958,1.59062
3295,0.927992452433,1.59107
3297,0.927396,1.59092
3299,0.927268719547464,1.59131
3301,0.928657,1.59326
3303,0.9315,1.59674
3305,0.934106017511473,1.59983
3307,0.934752,1.6008
3309,0.93372,1.60003
3311,0.932397,1.59913
3313,0.93171,1.59911
3315,0.931832,1.59987
3317,0.932455,1.60087
3318,0.933138,1.60207
3320,0.934364,1.6039
3322,0.936325,1.60638855476934
3324,0.938212,1.60864
3326,0.938851,1.60981
3328,0.938453,1.61022
3330,0.938464,1.61097
3332,0.939281,1.6125
3334,0.940999,1.61486
3336,0.94368,1.61816
3338,0.94575,1.62085
3340,0.946262,1.62228
3342,0.946513,1.62322
3343,0.946464,1.62399
3345,0.946713,1.62517
3347,0.948411,1.62766
3349,0.950654764311752,1.6308
3351,0.951315,1.63231
3353,0.950672,1.63241
3355,0.950622562748254,1.63338
3357,0.951995,1.63554
3359,0.953798665593396,1.63813
3361,0.954974,1.64016
3363,0.956076,1.64232
3365,0.958624,1.64565
3367,0.961770185228632,1.64961
3369,0.963041,1.65198
3370,0.962125,1.65231
3372,0.960828,1.65223
3374,0.96098,1.65344761546648
3376,0.961806,1.65525
3378,0.962424,1.65652307713519
3380,0.962593123093561,1.65684
3382,0.96238,1.65703
3384,0.962425040873074,1.65738
3386,0.963275,1.65856680879733
3388,0.965223,1.66072
3390,0.967639506414826,1.6635
3392,0.968594,1.66508
3394,0.967811185344586,1.6651
3396,0.967483,1.66523
3397,0.968854,1.66678736922689
3399,0.970627,1.66847
3401,0.970156,1.66806
3403,0.968071,1.6661
3405,0.966854,1.66504
3407,0.967238,1.66552
3409,0.967967,1.66637
3411,0.968399454132941,1.66689
3413,0.968006,1.667
3415,0.966964,1.6666
3417,0.966146,1.66663
3419,0.966351,1.66754
3421,0.966656,1.66874
3423,0.966948,1.67
3424,0.967646,1.67161
3426,0.969062,1.67414225383278
3428,0.970462,1.67682
3430,0.971341,1.67919
3432,0.971992,1.68165
3434,0.972835,1.68397010613494
3436,0.972069651258894,1.68537403473383
3438,0.969516,1.68509
3440,0.966581,1.68431
3442,0.96457,1.68416
3444,0.963331,1.68441
3446,0.962436,1.68471
3448,0.961713,1.68482
3450,0.96066152841734,1.68431
3451,0.959732,1.68364
3453,0.958952013187575,1.68268
3455,0.958379,1.68179
3457,0.958434081706027,1.68118
3459,0.958316,1.68046730444539
3461,0.957664,1.67887
3463,0.957159280233381,1.67729
3465,0.957842,1.67668
3467,0.958493,1.67591
3469,0.957195,1.67365
3471,0.9542833869306,1.67001329911051
3473,0.951837,1.66682662928177
3475,0.950805,1.66479
3477,0.950542,1.66361
3478,0.95025,1.66263
3480,0.948831,1.66088724850124
3482,0.947164483525735,1.65914
3484,0.946241124564021,1.65782
3486,0.945725889615913,1.65672
3488,0.944629,1.65525
3490,0.943361,1.65348221660949
3492,0.942657,1.652
3494,0.942375,1.65096
3496,0.942029922131071,1.64997
3498,0.941066,1.64858943787922
3500,0.940074,1.64713
3502,0.939279322576754,1.64623
3504,0.938011097096953,1.64511
3505,0.936146,1.64349
3507,0.934353,1.64207
3509,0.933893569688993,1.64172803553071
3511,0.934372,1.64235811650433
3513,0.93442,1.64274
3515,0.933309,1.64261
3517,0.931875,1.64264
3519,0.930973,1.64325757068773
3521,0.931035,1.64441
3523,0.931218,1.64628
3525,0.930216,1.64731
3527,0.928719,1.64736919187024
3529,0.928111,1.64652
3531,0.927985,1.64455
3532,0.927976,1.64162
3534,0.928340992779388,1.63829
3536,0.928561,1.63478297221982
3538,0.927943,1.63109
3540,0.927934804965553,1.62794
3542,0.928516280763934,1.62578
3544,0.928961,1.62373
3546,0.928443,1.62166557415862
3548,0.92738962488155,1.61893
3550,0.926798,1.61679768101142
3552,0.926709,1.61513
3554,0.926845546052182,1.61403
3556,0.926928,1.61234
3558,0.927446,1.6113
3559,0.927998,1.61035
3561,0.927648,1.60915
3563,0.925844070782202,1.6072
3565,0.925213,1.60606702190332
3567,0.928935353535635,1.60764
3569,0.932157,1.60862
3571,0.932561,1.608
3573,0.932828,1.60715
3575,0.93387,1.60719
3577,0.935844,1.60755934293499
3579,0.938336,1.60823
3581,0.941818,1.60939
3583,0.944457,1.6102
3585,0.94624,1.61092864520871
3586,0.949165549498167,1.61278
3588,0.954670331370555,1.61668
3590,0.960031587788408,1.61978
3592,0.964932977765681,1.62318
3594,0.971189,1.62778
3596,0.978346,1.63321
3598,0.984466087220329,1.63756
3600,0.98928,1.64067
3602,0.993061,1.64333
3604,0.996506,1.64542
3606,1.00134,1.64918
3608,1.0108119876619,1.65691
3610,1.02427,1.66875
3612,1.04113,1.68511
3613,1.06134,1.70581
3615,1.08697,1.73384
3617,1.11444586624548,1.77079385913756
3619,1.13844,1.81540237438942
3621,1.14674933273012,1.84237
3623,1.13839,1.84473235600293
3625,1.12242,1.83287
3627,1.10359,1.81485
3629,1.08554,1.7936059171101
3631,1.07194,1.77639
3633,1.06078,1.76287
3635,1.05024,1.752
3637,1.04148,1.74477
3639,1.03454,1.74061
3640,1.02916,1.73939
3642,1.02417,1.73988
3644,1.01779,1.74161
3646,1.01105,1.74433
3648,1.00738484365292,1.75096
3650,1.0057,1.75733
3652,0.999424,1.75749308645377
3654,0.989192,1.75319
3656,0.978169,1.7462
3658,0.966419,1.73652
3660,0.952741380046485,1.72455
3662,0.938327,1.71114696511565
3664,0.924457,1.69888
3666,0.910393,1.68765
3667,0.897247,1.6780933641515
3669,0.882569029886373,1.66704
3671,0.867955,1.65434
3673,0.853562,1.64069
3675,0.83889,1.62833
3677,0.827727,1.62034
3679,0.819511,1.61712923840786
3681,0.812791,1.62002
3683,0.807230629925165,1.6288
3685,0.804723,1.64400521845182
3687,0.804109,1.66738
3689,0.809123,1.70496
3691,0.816387227637054,1.74635
3693,0.822705410082426,1.77977
3694,0.825732896536009,1.80218
3696,0.823336,1.81234
3698,0.813366,1.80395
3700,0.794171,1.77186
3702,0.769453,1.721
3704,0.742169,1.65989
3706,0.714528,1.59376
3708,0.684695,1.52189824513001
3710,0.652044,1.43949
3712,0.618728958516056,1.35577631633276
3714,0.591484698077231,1.28352
3716,0.565469,1.21947
3718,0.539436,1.15818
3720,0.513919,1.10153
3721,0.494393,1.05372
3723,0.47373,1.01033
3725,0.456717,0.973271
3727,0.441796497394802,0.941864
3729,0.428858,0.915389
3731,0.416264,0.891307
3733,0.404441506505937,0.869451
3735,0.396154,0.851623
3737,0.390954,0.836721
3739,0.384377,0.821846
3741,0.375565,0.806614
3743,0.365846,0.791991
3745,0.359073496819522,0.779783
3747,0.354299,0.769618
3748,0.348799,0.759553
3750,0.344633,0.751667
3752,0.343776,0.74612
3754,0.341703,0.739594
3756,0.33813,0.73243
3758,0.334848,0.726236
3760,0.332303,0.721015
3762,0.329334,0.715074
3764,0.325925,0.709259
3766,0.322836,0.70409
3768,0.320091,0.699496
3770,0.318375182017181,0.69609
3772,0.316932,0.692583454468422
3774,0.314793,0.688412
3775,0.312524240560002,0.684123
3777,0.310539805789823,0.680837
3779,0.30906269062094,0.677993
3781,0.306865,0.674482
3783,0.30447642647763,0.670856
3785,0.302944,0.668142
3787,0.301751506736305,0.665742
3789,0.300322,0.663088
3791,0.298387,0.659822
3793,0.295609,0.656069
3795,0.292906,0.652552
3797,0.290619,0.649394
3799,0.287718,0.645766
3801,0.286162,0.643942
3802,0.286629,0.643332
3804,0.285684,0.64105
3806,0.285258,0.639872
3808,0.285567220991343,0.639408
3810,0.284319,0.636971
3812,0.281807,0.633386
3814,0.279477,0.63069
3816,0.278756,0.629539
3818,0.277368,0.62759
3820,0.276215932512279,0.626387
3822,0.277261,0.627153
3824,0.277234,0.626181
3826,0.276363,0.62456
3828,0.275511,0.623174
3829,0.274396,0.621383
3831,0.273373,0.620046
3833,0.27256,0.618763
3835,0.271310142916835,0.617268
3837,0.270202,0.616356605137994
3839,0.270085,0.616398
3841,0.27084,0.616632
3843,0.271953,0.617149
3845,0.272419,0.616988
3847,0.270720209986447,0.614554
3849,0.266716641733972,0.610219
3851,0.261553,0.605778
3853,0.260549,0.606587
3855,0.265542,0.611488
3856,0.26747,0.612162
3858,0.266643,0.609939
3860,0.26477624059361,0.607633
3862,0.263584304192522,0.606483
3864,0.26355955396628,0.606446
3866,0.262753,0.605291
3868,0.261253460380899,0.603733
3870,0.261283658615779,0.604164
3872,0.26204665944189,0.604827
3874,0.262703,0.604971
3876,0.262217,0.604089
3878,0.260453,0.602192
3880,0.259786,0.601768
3882,0.260317,0.602023
3883,0.260507,0.601947351293341
3885,0.261024,0.602448
3887,0.260088051052434,0.601386
3889,0.258404700233975,0.599664
3891,0.258399,0.599925
3893,0.258685,0.600048
3895,0.257128,0.598003
3897,0.254792,0.5956
3899,0.253101,0.593956
3901,0.252354413030652,0.593499
3903,0.252829,0.594137
3905,0.254347,0.595428
3907,0.255114509816597,0.595647
3909,0.254699804899506,0.59483
3910,0.253898501445719,0.593857
3912,0.252847,0.59261
3914,0.251677,0.591379
3916,0.251216,0.591259
3918,0.251624662480598,0.591636
3920,0.25163,0.591523
3922,0.251119258348851,0.590952
3924,0.251096,0.590957
3926,0.25124,0.590989
3928,0.250574,0.590240487802851
3930,0.250165,0.589758
3932,0.250906953178312,0.590383
3934,0.25153,0.590841
3936,0.250993324178244,0.590198
3937,0.249915,0.589113
3939,0.248788,0.587975
3941,0.248345,0.587472
3943,0.24838,0.587503
3945,0.247961733049681,0.58699
3947,0.247447068421887,0.586522
3949,0.24754,0.586608
3951,0.24769,0.586641
3953,0.247393,0.586291
3955,0.246948,0.585859
3957,0.246559,0.585509
3959,0.246217723846137,0.585155
3961,0.245983,0.584907
3963,0.245943,0.584802
3964,0.245734,0.584455
3966,0.245295,0.583953
3968,0.244860020250967,0.583583
3970,0.244504,0.583162
3972,0.244217652400169,0.582765
3974,0.244157,0.582616
3976,0.244026,0.58243
3978,0.24363,0.581945
3980,0.243252,0.581528
3982,0.243268,0.581406
3984,0.243116,0.581169
3986,0.242374676880033,0.580362
3988,0.241460701531222,0.579477
3990,0.240898802374697,0.578862
3991,0.240571,0.578331
3993,0.240261106020374,0.577878
3995,0.240023,0.577525
3997,0.239708,0.577082
3999,0.239278,0.576518
4001,0.23883623139702,0.576031
